USE ShopDB
GO

SET IDENTITY_INSERT Categories ON
INSERT INTO Categories (Id, Name)
VALUES
(1, 'T-shirts'),
(2, 'Shoes'),
(3, 'Hats'),
(4, 'Watches'),
(5, 'Sunglasses'),
(6, 'Umbrellas');
SET IDENTITY_INSERT Categories OFF

SET IDENTITY_INSERT Administrators ON
insert into Administrators (Id, FirstName, LastName, BirthDate, Address, Email, PasswordHash) values (1, 'Heather', 'Watkins', '3/14/1991', '2 Lunder Crossing', 'hwatkins0@yahoo.com', '85a1f065fa3b9deee6356ee88416f451');
insert into Administrators (Id, FirstName, LastName, BirthDate, Address, Email, PasswordHash) values (2, 'Eric', 'Gilbert', '10/28/1982', '89 Dennis Court', 'egilbert1@ucoz.ru', '204e92109ec6c1963bdb6fd7bb8997c0');
insert into Administrators (Id, FirstName, LastName, BirthDate, Address, Email, PasswordHash) values (3, 'Stephanie', 'Baker', '11/20/1988', '99 Mendota Alley', 'sbaker2@marketwatch.com', 'c8837b23ff8aaa8a2dde915473ce0991');
insert into Administrators (Id, FirstName, LastName, BirthDate, Address, Email, PasswordHash) values (4, 'Christine', 'Wood', '6/17/1990', '192 Cascade Court', 'cwood3@g.co', '2d9b03cc4a24d788b585766d33952c32');
insert into Administrators (Id, FirstName, LastName, BirthDate, Address, Email, PasswordHash) values (5, 'Earl', 'Long', '5/31/1989', '3 Michigan Avenue', 'elong4@washingtonpost.com', '25d55ad283aa400af464c76d713c07ad');
insert into Administrators (Id, FirstName, LastName, BirthDate, Address, Email, PasswordHash) values (6, 'Earl', 'Hudson', '8/17/1988', '59973 Welch Hill', 'ehudson5@newsvine.com', 'd8578edf8458ce06fbc5bb76a58c5ca4');
insert into Administrators (Id, FirstName, LastName, BirthDate, Address, Email, PasswordHash) values (7, 'Antonio', 'Nichols', '2/20/1991', '8 Nobel Park', 'anichols6@bigcartel.com', 'a152e841783914146e4bcd4f39100686');
insert into Administrators (Id, FirstName, LastName, BirthDate, Address, Email, PasswordHash) values (8, 'Brenda', 'Wright', '10/28/1994', '41393 Lyons Drive', 'bwright7@businessweek.com', 'b427ebd39c845eb5417b7f7aaf1f9724');
insert into Administrators (Id, FirstName, LastName, BirthDate, Address, Email, PasswordHash) values (9, 'Ann', 'Wallace', '3/28/1981', '239 Ryan Lane', 'awallace8@nationalgeographic.com', '013120a476b41444997d419d44fab9ca');
insert into Administrators (Id, FirstName, LastName, BirthDate, Address, Email, PasswordHash) values (10, 'Jeremy', 'Vasquez', '3/1/1986', '596 Pankratz Junction', 'jvasquez9@photobucket.com', '8c32e5048bc4fbfc5dc53c89a36c0812');
SET IDENTITY_INSERT Administrators  OFF

SET IDENTITY_INSERT Products ON
insert into Products (Id, CategoryId, Cost, Quantity, RegisteredBy, IsAvailable, Title, Likes, Dislikes) values (1, 2, 57, 84, 1, 0, 'eu mi', 3, 38);
insert into Products (Id, CategoryId, Cost, Quantity, RegisteredBy, IsAvailable, Title, Likes, Dislikes) values (2, 6, 12, 33, 10, 0, 'lectus pellentesque', 99, 18);
insert into Products (Id, CategoryId, Cost, Quantity, RegisteredBy, IsAvailable, Title, Likes, Dislikes) values (3, 2, 364, 72, 9, 0, 'diam id', 21, 67);
insert into Products (Id, CategoryId, Cost, Quantity, RegisteredBy, IsAvailable, Title, Likes, Dislikes) values (4, 3, 47, 17, 6, 1, 'nunc viverra dapibus', 22, 71);
insert into Products (Id, CategoryId, Cost, Quantity, RegisteredBy, IsAvailable, Title, Likes, Dislikes) values (5, 1, 158, 66, 1, 1, 'etiam faucibus cursus', 57, 30);
insert into Products (Id, CategoryId, Cost, Quantity, RegisteredBy, IsAvailable, Title, Likes, Dislikes) values (6, 6, 479, 75, 1, 1, 'eu orci mauris', 84, 19);
insert into Products (Id, CategoryId, Cost, Quantity, RegisteredBy, IsAvailable, Title, Likes, Dislikes) values (7, 6, 344, 30, 4, 0, 'morbi porttitor', 17, 52);
insert into Products (Id, CategoryId, Cost, Quantity, RegisteredBy, IsAvailable, Title, Likes, Dislikes) values (8, 2, 47, 62, 8, 1, 'ligula nec sem', 3, 78);
insert into Products (Id, CategoryId, Cost, Quantity, RegisteredBy, IsAvailable, Title, Likes, Dislikes) values (9, 6, 404, 79, 2, 1, 'quisque porta', 45, 25);
insert into Products (Id, CategoryId, Cost, Quantity, RegisteredBy, IsAvailable, Title, Likes, Dislikes) values (10, 3, 352, 53, 3, 1, 'enim leo rhoncus', 22, 34);
insert into Products (Id, CategoryId, Cost, Quantity, RegisteredBy, IsAvailable, Title, Likes, Dislikes) values (11, 1, 12, 30, 9, 0, 'nulla ac', 13, 71);
insert into Products (Id, CategoryId, Cost, Quantity, RegisteredBy, IsAvailable, Title, Likes, Dislikes) values (12, 6, 189, 77, 6, 1, 'suspendisse accumsan tortor', 11, 34);
insert into Products (Id, CategoryId, Cost, Quantity, RegisteredBy, IsAvailable, Title, Likes, Dislikes) values (13, 6, 149, 78, 5, 0, 'ante vel', 22, 51);
insert into Products (Id, CategoryId, Cost, Quantity, RegisteredBy, IsAvailable, Title, Likes, Dislikes) values (14, 4, 216, 53, 1, 1, 'blandit nam nulla', 94, 31);
insert into Products (Id, CategoryId, Cost, Quantity, RegisteredBy, IsAvailable, Title, Likes, Dislikes) values (15, 4, 394, 69, 5, 0, 'vulputate', 84, 17);
insert into Products (Id, CategoryId, Cost, Quantity, RegisteredBy, IsAvailable, Title, Likes, Dislikes) values (16, 3, 220, 13, 9, 0, 'dignissim', 29, 58);
insert into Products (Id, CategoryId, Cost, Quantity, RegisteredBy, IsAvailable, Title, Likes, Dislikes) values (17, 5, 28, 46, 7, 0, 'ante ipsum', 19, 35);
insert into Products (Id, CategoryId, Cost, Quantity, RegisteredBy, IsAvailable, Title, Likes, Dislikes) values (18, 4, 131, 18, 9, 1, 'amet nulla quisque', 11, 42);
insert into Products (Id, CategoryId, Cost, Quantity, RegisteredBy, IsAvailable, Title, Likes, Dislikes) values (19, 5, 205, 49, 1, 1, 'elementum', 55, 20);
insert into Products (Id, CategoryId, Cost, Quantity, RegisteredBy, IsAvailable, Title, Likes, Dislikes) values (20, 5, 415, 65, 4, 0, 'nisl', 18, 62);
insert into Products (Id, CategoryId, Cost, Quantity, RegisteredBy, IsAvailable, Title, Likes, Dislikes) values (21, 6, 372, 75, 3, 1, 'id', 90, 3);
insert into Products (Id, CategoryId, Cost, Quantity, RegisteredBy, IsAvailable, Title, Likes, Dislikes) values (22, 6, 386, 6, 10, 0, 'accumsan tellus', 12, 21);
insert into Products (Id, CategoryId, Cost, Quantity, RegisteredBy, IsAvailable, Title, Likes, Dislikes) values (23, 1, 484, 53, 2, 0, 'nec sem', 59, 37);
insert into Products (Id, CategoryId, Cost, Quantity, RegisteredBy, IsAvailable, Title, Likes, Dislikes) values (24, 6, 421, 80, 4, 0, 'ut tellus nulla', 72, 79);
insert into Products (Id, CategoryId, Cost, Quantity, RegisteredBy, IsAvailable, Title, Likes, Dislikes) values (25, 4, 36, 48, 6, 0, 'condimentum id', 88, 45);
insert into Products (Id, CategoryId, Cost, Quantity, RegisteredBy, IsAvailable, Title, Likes, Dislikes) values (26, 3, 77, 53, 7, 1, 'curabitur', 94, 26);
insert into Products (Id, CategoryId, Cost, Quantity, RegisteredBy, IsAvailable, Title, Likes, Dislikes) values (27, 2, 207, 82, 6, 1, 'lectus', 29, 70);
insert into Products (Id, CategoryId, Cost, Quantity, RegisteredBy, IsAvailable, Title, Likes, Dislikes) values (28, 3, 187, 82, 9, 1, 'proin eu', 35, 85);
insert into Products (Id, CategoryId, Cost, Quantity, RegisteredBy, IsAvailable, Title, Likes, Dislikes) values (29, 2, 358, 27, 6, 1, 'dolor sit', 42, 100);
insert into Products (Id, CategoryId, Cost, Quantity, RegisteredBy, IsAvailable, Title, Likes, Dislikes) values (30, 4, 128, 32, 7, 0, 'quam pharetra magna', 46, 3);
insert into Products (Id, CategoryId, Cost, Quantity, RegisteredBy, IsAvailable, Title, Likes, Dislikes) values (31, 2, 499, 12, 9, 1, 'est quam pharetra', 86, 42);
insert into Products (Id, CategoryId, Cost, Quantity, RegisteredBy, IsAvailable, Title, Likes, Dislikes) values (32, 6, 428, 62, 5, 1, 'vestibulum', 86, 24);
insert into Products (Id, CategoryId, Cost, Quantity, RegisteredBy, IsAvailable, Title, Likes, Dislikes) values (33, 5, 173, 3, 10, 0, 'odio curabitur convallis', 24, 26);
insert into Products (Id, CategoryId, Cost, Quantity, RegisteredBy, IsAvailable, Title, Likes, Dislikes) values (34, 4, 133, 92, 9, 0, 'rutrum', 28, 18);
insert into Products (Id, CategoryId, Cost, Quantity, RegisteredBy, IsAvailable, Title, Likes, Dislikes) values (35, 5, 184, 51, 7, 1, 'et', 25, 63);
insert into Products (Id, CategoryId, Cost, Quantity, RegisteredBy, IsAvailable, Title, Likes, Dislikes) values (36, 3, 12, 37, 4, 1, 'placerat', 97, 62);
insert into Products (Id, CategoryId, Cost, Quantity, RegisteredBy, IsAvailable, Title, Likes, Dislikes) values (37, 3, 89, 87, 3, 1, 'nisi nam ultrices', 11, 6);
insert into Products (Id, CategoryId, Cost, Quantity, RegisteredBy, IsAvailable, Title, Likes, Dislikes) values (38, 2, 140, 13, 1, 0, 'rutrum ac', 46, 3);
insert into Products (Id, CategoryId, Cost, Quantity, RegisteredBy, IsAvailable, Title, Likes, Dislikes) values (39, 1, 275, 8, 6, 1, 'ac', 46, 3);
insert into Products (Id, CategoryId, Cost, Quantity, RegisteredBy, IsAvailable, Title, Likes, Dislikes) values (40, 4, 359, 93, 7, 1, 'consequat varius', 49, 55);
insert into Products (Id, CategoryId, Cost, Quantity, RegisteredBy, IsAvailable, Title, Likes, Dislikes) values (41, 4, 337, 70, 3, 1, 'et', 66, 13);
insert into Products (Id, CategoryId, Cost, Quantity, RegisteredBy, IsAvailable, Title, Likes, Dislikes) values (42, 5, 215, 48, 9, 1, 'eget', 44, 30);
insert into Products (Id, CategoryId, Cost, Quantity, RegisteredBy, IsAvailable, Title, Likes, Dislikes) values (43, 5, 291, 49, 7, 0, 'posuere', 71, 42);
insert into Products (Id, CategoryId, Cost, Quantity, RegisteredBy, IsAvailable, Title, Likes, Dislikes) values (44, 3, 271, 8, 9, 1, 'ipsum integer', 98, 90);
insert into Products (Id, CategoryId, Cost, Quantity, RegisteredBy, IsAvailable, Title, Likes, Dislikes) values (45, 1, 380, 44, 1, 1, 'ornare consequat', 37, 63);
insert into Products (Id, CategoryId, Cost, Quantity, RegisteredBy, IsAvailable, Title, Likes, Dislikes) values (46, 2, 289, 40, 4, 1, 'pede lobortis', 48, 3);
insert into Products (Id, CategoryId, Cost, Quantity, RegisteredBy, IsAvailable, Title, Likes, Dislikes) values (47, 3, 471, 13, 4, 0, 'est', 54, 86);
insert into Products (Id, CategoryId, Cost, Quantity, RegisteredBy, IsAvailable, Title, Likes, Dislikes) values (48, 2, 376, 23, 7, 1, 'sapien', 88, 37);
insert into Products (Id, CategoryId, Cost, Quantity, RegisteredBy, IsAvailable, Title, Likes, Dislikes) values (49, 5, 48, 41, 3, 0, 'ut erat', 48, 4);
insert into Products (Id, CategoryId, Cost, Quantity, RegisteredBy, IsAvailable, Title, Likes, Dislikes) values (50, 1, 114, 80, 5, 0, 'et ultrices', 20, 81);
insert into Products (Id, CategoryId, Cost, Quantity, RegisteredBy, IsAvailable, Title, Likes, Dislikes) values (51, 5, 205, 96, 4, 0, 'ipsum primis in', 38, 48);
insert into Products (Id, CategoryId, Cost, Quantity, RegisteredBy, IsAvailable, Title, Likes, Dislikes) values (52, 3, 201, 12, 6, 0, 'turpis a', 45, 53);
insert into Products (Id, CategoryId, Cost, Quantity, RegisteredBy, IsAvailable, Title, Likes, Dislikes) values (53, 2, 122, 15, 10, 1, 'tortor risus', 15, 32);
insert into Products (Id, CategoryId, Cost, Quantity, RegisteredBy, IsAvailable, Title, Likes, Dislikes) values (54, 6, 206, 60, 6, 1, 'pede libero quis', 65, 75);
insert into Products (Id, CategoryId, Cost, Quantity, RegisteredBy, IsAvailable, Title, Likes, Dislikes) values (55, 3, 187, 95, 3, 1, 'pede libero quis', 28, 26);
insert into Products (Id, CategoryId, Cost, Quantity, RegisteredBy, IsAvailable, Title, Likes, Dislikes) values (56, 3, 261, 8, 4, 0, 'faucibus', 25, 23);
insert into Products (Id, CategoryId, Cost, Quantity, RegisteredBy, IsAvailable, Title, Likes, Dislikes) values (57, 2, 281, 36, 3, 0, 'pulvinar nulla pede', 64, 73);
insert into Products (Id, CategoryId, Cost, Quantity, RegisteredBy, IsAvailable, Title, Likes, Dislikes) values (58, 6, 379, 23, 6, 1, 'semper', 53, 71);
insert into Products (Id, CategoryId, Cost, Quantity, RegisteredBy, IsAvailable, Title, Likes, Dislikes) values (59, 1, 354, 80, 4, 0, 'massa', 44, 87);
insert into Products (Id, CategoryId, Cost, Quantity, RegisteredBy, IsAvailable, Title, Likes, Dislikes) values (60, 4, 173, 27, 3, 0, 'eros vestibulum ac', 16, 82);
insert into Products (Id, CategoryId, Cost, Quantity, RegisteredBy, IsAvailable, Title, Likes, Dislikes) values (61, 5, 29, 17, 2, 0, 'tristique', 34, 84);
insert into Products (Id, CategoryId, Cost, Quantity, RegisteredBy, IsAvailable, Title, Likes, Dislikes) values (62, 5, 98, 13, 2, 1, 'vulputate', 29, 50);
insert into Products (Id, CategoryId, Cost, Quantity, RegisteredBy, IsAvailable, Title, Likes, Dislikes) values (63, 4, 140, 3, 6, 0, 'adipiscing', 96, 28);
insert into Products (Id, CategoryId, Cost, Quantity, RegisteredBy, IsAvailable, Title, Likes, Dislikes) values (64, 6, 448, 71, 10, 1, 'mus vivamus vestibulum', 43, 18);
insert into Products (Id, CategoryId, Cost, Quantity, RegisteredBy, IsAvailable, Title, Likes, Dislikes) values (65, 6, 465, 36, 4, 0, 'in leo maecenas', 23, 67);
insert into Products (Id, CategoryId, Cost, Quantity, RegisteredBy, IsAvailable, Title, Likes, Dislikes) values (66, 5, 423, 23, 7, 1, 'nulla sed', 35, 100);
insert into Products (Id, CategoryId, Cost, Quantity, RegisteredBy, IsAvailable, Title, Likes, Dislikes) values (67, 1, 209, 78, 6, 1, 'elementum eu interdum', 86, 99);
insert into Products (Id, CategoryId, Cost, Quantity, RegisteredBy, IsAvailable, Title, Likes, Dislikes) values (68, 4, 483, 95, 8, 1, 'suspendisse potenti cras', 81, 42);
insert into Products (Id, CategoryId, Cost, Quantity, RegisteredBy, IsAvailable, Title, Likes, Dislikes) values (69, 6, 122, 86, 6, 1, 'sodales', 58, 33);
insert into Products (Id, CategoryId, Cost, Quantity, RegisteredBy, IsAvailable, Title, Likes, Dislikes) values (70, 1, 462, 42, 7, 0, 'in', 41, 12);
insert into Products (Id, CategoryId, Cost, Quantity, RegisteredBy, IsAvailable, Title, Likes, Dislikes) values (71, 3, 106, 5, 4, 1, 'ligula', 50, 35);
insert into Products (Id, CategoryId, Cost, Quantity, RegisteredBy, IsAvailable, Title, Likes, Dislikes) values (72, 3, 400, 41, 10, 0, 'maecenas leo odio', 8, 19);
insert into Products (Id, CategoryId, Cost, Quantity, RegisteredBy, IsAvailable, Title, Likes, Dislikes) values (73, 4, 209, 90, 10, 1, 'interdum eu tincidunt', 10, 28);
insert into Products (Id, CategoryId, Cost, Quantity, RegisteredBy, IsAvailable, Title, Likes, Dislikes) values (74, 2, 111, 49, 3, 0, 'donec ut', 20, 46);
insert into Products (Id, CategoryId, Cost, Quantity, RegisteredBy, IsAvailable, Title, Likes, Dislikes) values (75, 1, 456, 14, 5, 0, 'integer tincidunt', 57, 72);
insert into Products (Id, CategoryId, Cost, Quantity, RegisteredBy, IsAvailable, Title, Likes, Dislikes) values (76, 1, 60, 89, 5, 1, 'turpis integer', 41, 44);
insert into Products (Id, CategoryId, Cost, Quantity, RegisteredBy, IsAvailable, Title, Likes, Dislikes) values (77, 6, 54, 70, 1, 1, 'nulla tellus', 23, 50);
insert into Products (Id, CategoryId, Cost, Quantity, RegisteredBy, IsAvailable, Title, Likes, Dislikes) values (78, 1, 454, 99, 2, 1, 'ac est', 1, 92);
insert into Products (Id, CategoryId, Cost, Quantity, RegisteredBy, IsAvailable, Title, Likes, Dislikes) values (79, 2, 125, 46, 8, 0, 'montes', 41, 96);
insert into Products (Id, CategoryId, Cost, Quantity, RegisteredBy, IsAvailable, Title, Likes, Dislikes) values (80, 5, 167, 53, 6, 0, 'posuere', 23, 32);
insert into Products (Id, CategoryId, Cost, Quantity, RegisteredBy, IsAvailable, Title, Likes, Dislikes) values (81, 6, 477, 12, 3, 0, 'felis eu', 3, 90);
insert into Products (Id, CategoryId, Cost, Quantity, RegisteredBy, IsAvailable, Title, Likes, Dislikes) values (82, 3, 274, 81, 8, 0, 'malesuada in imperdiet', 64, 22);
insert into Products (Id, CategoryId, Cost, Quantity, RegisteredBy, IsAvailable, Title, Likes, Dislikes) values (83, 1, 228, 33, 8, 1, 'neque duis bibendum', 29, 4);
insert into Products (Id, CategoryId, Cost, Quantity, RegisteredBy, IsAvailable, Title, Likes, Dislikes) values (84, 1, 186, 38, 2, 1, 'blandit mi in', 13, 21);
insert into Products (Id, CategoryId, Cost, Quantity, RegisteredBy, IsAvailable, Title, Likes, Dislikes) values (85, 2, 431, 33, 2, 0, 'magnis', 10, 14);
insert into Products (Id, CategoryId, Cost, Quantity, RegisteredBy, IsAvailable, Title, Likes, Dislikes) values (86, 6, 128, 95, 9, 1, 'neque', 78, 13);
insert into Products (Id, CategoryId, Cost, Quantity, RegisteredBy, IsAvailable, Title, Likes, Dislikes) values (87, 1, 471, 20, 10, 1, 'sed', 63, 17);
insert into Products (Id, CategoryId, Cost, Quantity, RegisteredBy, IsAvailable, Title, Likes, Dislikes) values (88, 1, 27, 24, 6, 0, 'nec', 5, 15);
insert into Products (Id, CategoryId, Cost, Quantity, RegisteredBy, IsAvailable, Title, Likes, Dislikes) values (89, 3, 484, 88, 8, 1, 'cubilia curae', 85, 57);
insert into Products (Id, CategoryId, Cost, Quantity, RegisteredBy, IsAvailable, Title, Likes, Dislikes) values (90, 3, 372, 59, 2, 1, 'tortor', 29, 25);
insert into Products (Id, CategoryId, Cost, Quantity, RegisteredBy, IsAvailable, Title, Likes, Dislikes) values (91, 6, 223, 36, 7, 0, 'ut nulla', 39, 94);
insert into Products (Id, CategoryId, Cost, Quantity, RegisteredBy, IsAvailable, Title, Likes, Dislikes) values (92, 5, 279, 79, 5, 0, 'elit', 48, 0);
insert into Products (Id, CategoryId, Cost, Quantity, RegisteredBy, IsAvailable, Title, Likes, Dislikes) values (93, 4, 494, 37, 3, 1, 'et ultrices', 100, 90);
insert into Products (Id, CategoryId, Cost, Quantity, RegisteredBy, IsAvailable, Title, Likes, Dislikes) values (94, 4, 86, 65, 4, 0, 'quam suspendisse potenti', 55, 32);
insert into Products (Id, CategoryId, Cost, Quantity, RegisteredBy, IsAvailable, Title, Likes, Dislikes) values (95, 4, 31, 34, 5, 0, 'nec', 72, 43);
insert into Products (Id, CategoryId, Cost, Quantity, RegisteredBy, IsAvailable, Title, Likes, Dislikes) values (96, 3, 109, 78, 9, 0, 'est risus', 20, 40);
insert into Products (Id, CategoryId, Cost, Quantity, RegisteredBy, IsAvailable, Title, Likes, Dislikes) values (97, 1, 20, 31, 6, 1, 'parturient montes', 84, 100);
insert into Products (Id, CategoryId, Cost, Quantity, RegisteredBy, IsAvailable, Title, Likes, Dislikes) values (98, 3, 308, 41, 10, 1, 'curabitur convallis', 98, 68);
insert into Products (Id, CategoryId, Cost, Quantity, RegisteredBy, IsAvailable, Title, Likes, Dislikes) values (99, 1, 316, 29, 3, 1, 'nulla neque', 40, 87);
insert into Products (Id, CategoryId, Cost, Quantity, RegisteredBy, IsAvailable, Title, Likes, Dislikes) values (100, 6, 291, 82, 2, 1, 'eu felis', 82, 93);
SET IDENTITY_INSERT Products OFF

SET IDENTITY_INSERT Clients ON
insert into Clients (Id, FirstName, LastName, BirthDate, Address, Email, PasswordHash) values (1, 'Sara', 'Sims', '12/29/1990', '33 Weeping Birch Place', 'ssims0@nps.gov', 'e206d3dde8f0b8b806772d93d390f8e0');
insert into Clients (Id, FirstName, LastName, BirthDate, Address, Email, PasswordHash) values (2, 'Donald', 'Bryant', '7/9/1982', '834 Florence Way', 'dbryant1@google.co.uk', '7e93c02d628ffad418ec682c02eaf08f');
insert into Clients (Id, FirstName, LastName, BirthDate, Address, Email, PasswordHash) values (3, 'Julia', 'Roberts', '11/3/1990', '41127 Chinook Crossing', 'jroberts2@engadget.com', '63ce2381068d4417d86bc84039e3a50c');
insert into Clients (Id, FirstName, LastName, BirthDate, Address, Email, PasswordHash) values (4, 'Kenneth', 'Phillips', '12/8/1988', '3 Waywood Terrace', 'kphillips3@sun.com', '7b2345611458575623f98eee092e51b7');
insert into Clients (Id, FirstName, LastName, BirthDate, Address, Email, PasswordHash) values (5, 'Sarah', 'Hall', '9/4/1988', '75633 Texas Avenue', 'shall4@businessweek.com', '9727f1024e6f9d3dc952a85f4303e186');
insert into Clients (Id, FirstName, LastName, BirthDate, Address, Email, PasswordHash) values (6, 'Carl', 'Riley', '3/26/1985', '3 Waxwing Drive', 'criley5@telegraph.co.uk', '9757f67fd1e389b875bc3f400ee66029');
insert into Clients (Id, FirstName, LastName, BirthDate, Address, Email, PasswordHash) values (7, 'Sara', 'Williams', '8/22/1993', '630 Mallory Pass', 'swilliams6@mysql.com', 'f7ecca5220c316c1c155fcf13e91db3b');
insert into Clients (Id, FirstName, LastName, BirthDate, Address, Email, PasswordHash) values (8, 'Jack', 'Fisher', '8/7/1989', '49081 Dexter Junction', 'jfisher7@nifty.com', '78e15642838072f571174a3bf45ca43d');
insert into Clients (Id, FirstName, LastName, BirthDate, Address, Email, PasswordHash) values (9, 'Joseph', 'Hansen', '9/8/1986', '80 Texas Drive', 'jhansen8@bloglovin.com', 'c8d1fa06a0e83c83380780c0fd931e4d');
insert into Clients (Id, FirstName, LastName, BirthDate, Address, Email, PasswordHash) values (10, 'Adam', 'King', '5/21/1989', '211 Northwestern Street', 'aking9@ustream.tv', '40047f28146f4c615fba85fde760f292');
insert into Clients (Id, FirstName, LastName, BirthDate, Address, Email, PasswordHash) values (11, 'Jennifer', 'Stewart', '4/26/1987', '34 Lien Plaza', 'jstewarta@people.com.cn', 'ee8c5319bf862dc7f432fe98d1be955e');
insert into Clients (Id, FirstName, LastName, BirthDate, Address, Email, PasswordHash) values (12, 'Billy', 'Kim', '6/20/1984', '13 Elka Plaza', 'bkimb@ocn.ne.jp', '18529de62f43b83a25c4cc8dcdacd97e');
insert into Clients (Id, FirstName, LastName, BirthDate, Address, Email, PasswordHash) values (13, 'Martin', 'Matthews', '8/24/1982', '4 Jenifer Drive', 'mmatthewsc@ebay.co.uk', '89b4d927a0a1dfb658c152458d186d23');
insert into Clients (Id, FirstName, LastName, BirthDate, Address, Email, PasswordHash) values (14, 'Bonnie', 'Willis', '2/28/1985', '7865 Vernon Road', 'bwillisd@youku.com', '9e476ded5f629380890253ec7a75a7cf');
insert into Clients (Id, FirstName, LastName, BirthDate, Address, Email, PasswordHash) values (15, 'Jimmy', 'Ramirez', '12/28/1980', '68 Roxbury Lane', 'jramireze@msn.com', '209499a672facac58a94c15d3fc6fb01');
insert into Clients (Id, FirstName, LastName, BirthDate, Address, Email, PasswordHash) values (16, 'Rebecca', 'Lopez', '1/17/1991', '3 Prairie Rose Drive', 'rlopezf@paypal.com', '2a3b6c055979e157e6026ba30cd824e0');
insert into Clients (Id, FirstName, LastName, BirthDate, Address, Email, PasswordHash) values (17, 'Wanda', 'Lewis', '3/6/1994', '43 Lillian Pass', 'wlewisg@sphinn.com', '78f6cd97cb54606123864dab6427b31b');
insert into Clients (Id, FirstName, LastName, BirthDate, Address, Email, PasswordHash) values (18, 'Ronald', 'Lawrence', '12/22/1993', '666 Kennedy Court', 'rlawrenceh@feedburner.com', 'da307367f7f55e42c3b55a9fccaeb0c4');
insert into Clients (Id, FirstName, LastName, BirthDate, Address, Email, PasswordHash) values (19, 'Kenneth', 'Parker', '9/14/1990', '803 Prairieview Center', 'kparkeri@odnoklassniki.ru', 'a826aa376c35e98d6154bbfcbe00942a');
insert into Clients (Id, FirstName, LastName, BirthDate, Address, Email, PasswordHash) values (20, 'Alan', 'Alexander', '8/31/1992', '6 Macpherson Drive', 'aalexanderj@google.cn', '78d96aba4dc08705bc5d2e1a73318bac');
insert into Clients (Id, FirstName, LastName, BirthDate, Address, Email, PasswordHash) values (21, 'Amanda', 'Dixon', '11/14/1983', '78760 Florence Junction', 'adixonk@sourceforge.net', 'd3f66b59bc5b77f5a6befd7fca79639c');
insert into Clients (Id, FirstName, LastName, BirthDate, Address, Email, PasswordHash) values (22, 'Paula', 'Kelley', '7/21/1985', '8916 Melvin Road', 'pkelleyl@usa.gov', 'a5c1dd62379b97d777535a735f27080d');
insert into Clients (Id, FirstName, LastName, BirthDate, Address, Email, PasswordHash) values (23, 'Russell', 'Weaver', '1/29/1981', '122 Northport Trail', 'rweaverm@yahoo.com', 'd5f780754442388ee752f1c6b23acc83');
insert into Clients (Id, FirstName, LastName, BirthDate, Address, Email, PasswordHash) values (24, 'Louise', 'Welch', '6/25/1989', '271 Carey Lane', 'lwelchn@wikia.com', '2cda685e1de2ff04a08dc7be635d28d9');
insert into Clients (Id, FirstName, LastName, BirthDate, Address, Email, PasswordHash) values (25, 'Gerald', 'Lawson', '2/25/1982', '79217 Killdeer Alley', 'glawsono@virginia.edu', '12013ca1e275c93a119377012816123c');
insert into Clients (Id, FirstName, LastName, BirthDate, Address, Email, PasswordHash) values (26, 'Phillip', 'Harvey', '9/1/1981', '85 Jay Parkway', 'pharveyp@admin.ch', '91175502056ab587b8525b2b56597c91');
insert into Clients (Id, FirstName, LastName, BirthDate, Address, Email, PasswordHash) values (27, 'Mark', 'Andrews', '8/20/1988', '81310 Maywood Trail', 'mandrewsq@usnews.com', 'b0453e02d80aa2d5059acba10d49ac84');
insert into Clients (Id, FirstName, LastName, BirthDate, Address, Email, PasswordHash) values (28, 'Raymond', 'Jenkins', '9/24/1989', '26 Basil Street', 'rjenkinsr@baidu.com', '4a5807892647cf7a25c65ab7ae8ae642');
insert into Clients (Id, FirstName, LastName, BirthDate, Address, Email, PasswordHash) values (29, 'Richard', 'Parker', '10/19/1981', '6322 Cardinal Terrace', 'rparkers@oracle.com', 'f510a1a3194c188ee44bbd457e72f5f3');
insert into Clients (Id, FirstName, LastName, BirthDate, Address, Email, PasswordHash) values (30, 'Jennifer', 'Barnes', '8/5/1989', '870 Alpine Way', 'jbarnest@etsy.com', 'f531fa91ba1fbcb0e753c25e19a402eb');
insert into Clients (Id, FirstName, LastName, BirthDate, Address, Email, PasswordHash) values (31, 'Bonnie', 'Crawford', '3/15/1984', '0 Luster Avenue', 'bcrawfordu@so-net.ne.jp', '48f126d039ecba0398dbb9ea57a30910');
insert into Clients (Id, FirstName, LastName, BirthDate, Address, Email, PasswordHash) values (32, 'Dennis', 'Lee', '2/25/1984', '38 Bayside Street', 'dleev@huffingtonpost.com', 'e8c95765830fc98ea206c1539c5c20d5');
insert into Clients (Id, FirstName, LastName, BirthDate, Address, Email, PasswordHash) values (33, 'Barbara', 'Gonzales', '11/3/1986', '538 Spaight Crossing', 'bgonzalesw@answers.com', '9c650a839da501d2af667eef322f1743');
insert into Clients (Id, FirstName, LastName, BirthDate, Address, Email, PasswordHash) values (34, 'Phillip', 'Reyes', '12/22/1992', '5612 Gulseth Plaza', 'preyesx@comsenz.com', 'f45694d579f9448307c8879f72a7942c');
insert into Clients (Id, FirstName, LastName, BirthDate, Address, Email, PasswordHash) values (35, 'Jack', 'Payne', '11/10/1988', '2618 Lake View Pass', 'jpayney@1und1.de', 'db8599ade82f654fc8a21de8e91e1088');
insert into Clients (Id, FirstName, LastName, BirthDate, Address, Email, PasswordHash) values (36, 'Frank', 'Gilbert', '11/25/1981', '971 Caliangt Plaza', 'fgilbertz@spotify.com', '132bd746da003c13a985118f6f7189f2');
insert into Clients (Id, FirstName, LastName, BirthDate, Address, Email, PasswordHash) values (37, 'Victor', 'Matthews', '3/11/1982', '73681 Rutledge Point', 'vmatthews10@hatena.ne.jp', '1de8ce21970ac2a025c1ce3540e8b1e7');
insert into Clients (Id, FirstName, LastName, BirthDate, Address, Email, PasswordHash) values (38, 'Juan', 'Wheeler', '8/1/1980', '21697 Havey Crossing', 'jwheeler11@wp.com', 'c2856b271be965b35153b3001f7ede5c');
insert into Clients (Id, FirstName, LastName, BirthDate, Address, Email, PasswordHash) values (39, 'Arthur', 'Oliver', '6/24/1995', '0895 Nova Pass', 'aoliver12@mtv.com', '239d0670ad9ecb9bf204598a47c82ee6');
insert into Clients (Id, FirstName, LastName, BirthDate, Address, Email, PasswordHash) values (40, 'Phyllis', 'Taylor', '11/11/1986', '0718 Reindahl Avenue', 'ptaylor13@techcrunch.com', '827669437d67b9f6a7371c496e45615c');
insert into Clients (Id, FirstName, LastName, BirthDate, Address, Email, PasswordHash) values (41, 'Betty', 'Rice', '9/8/1980', '3179 Vera Place', 'brice14@nbcnews.com', '10e1f1326809654b8bc5ab36691c272b');
insert into Clients (Id, FirstName, LastName, BirthDate, Address, Email, PasswordHash) values (42, 'Kevin', 'Johnson', '1/13/1994', '116 Upham Road', 'kjohnson15@vinaora.com', '4c8e34dbfdc387883c5d229bd449aa03');
insert into Clients (Id, FirstName, LastName, BirthDate, Address, Email, PasswordHash) values (43, 'Roger', 'Campbell', '3/29/1986', '26 Memorial Court', 'rcampbell16@etsy.com', 'ff2d7751ec9f66daf5ae97dc072ec9e4');
insert into Clients (Id, FirstName, LastName, BirthDate, Address, Email, PasswordHash) values (44, 'Sandra', 'Fields', '12/26/1981', '1 Lindbergh Terrace', 'sfields17@whitehouse.gov', 'ef02df105199bbcb494cb8cc3fa598d7');
insert into Clients (Id, FirstName, LastName, BirthDate, Address, Email, PasswordHash) values (45, 'Joyce', 'Myers', '3/7/1993', '74972 Nobel Hill', 'jmyers18@unblog.fr', 'bd64ae6dd95ef8955bb722787a6fd3ef');
insert into Clients (Id, FirstName, LastName, BirthDate, Address, Email, PasswordHash) values (46, 'Anna', 'Wheeler', '8/18/1992', '04290 Fieldstone Hill', 'awheeler19@shop-pro.jp', '665b5f7957d7295a4f301512f156dd13');
insert into Clients (Id, FirstName, LastName, BirthDate, Address, Email, PasswordHash) values (47, 'Raymond', 'Kennedy', '6/27/1990', '4 Harbort Junction', 'rkennedy1a@fda.gov', '304e099da4edaed8cbcc7ce188d685c1');
insert into Clients (Id, FirstName, LastName, BirthDate, Address, Email, PasswordHash) values (48, 'Joshua', 'Watkins', '3/22/1988', '5021 Coolidge Place', 'jwatkins1b@hostgator.com', '8fd9582d9c0b1128f055ea88ba815c23');
insert into Clients (Id, FirstName, LastName, BirthDate, Address, Email, PasswordHash) values (49, 'Denise', 'Gomez', '5/11/1981', '705 Morrow Drive', 'dgomez1c@linkedin.com', '746365d01e2962c6b2a8e7f5d8b9d668');
insert into Clients (Id, FirstName, LastName, BirthDate, Address, Email, PasswordHash) values (50, 'Jesse', 'Nichols', '9/14/1985', '16 Gina Park', 'jnichols1d@arizona.edu', '219df67f90f63ab65187277d15c9c940');
SET IDENTITY_INSERT Clients OFF

SET IDENTITY_INSERT Basket ON
insert into Basket (Id, ProductId, ClientId, IsSolded) values (1, 41, 28, 1);
insert into Basket (Id, ProductId, ClientId, IsSolded) values (2, 61, 22, 0);
insert into Basket (Id, ProductId, ClientId, IsSolded) values (3, 98, 13, 1);
insert into Basket (Id, ProductId, ClientId, IsSolded) values (4, 23, 40, 1);
insert into Basket (Id, ProductId, ClientId, IsSolded) values (5, 24, 50, 1);
insert into Basket (Id, ProductId, ClientId, IsSolded) values (6, 52, 7, 1);
insert into Basket (Id, ProductId, ClientId, IsSolded) values (7, 38, 23, 1);
insert into Basket (Id, ProductId, ClientId, IsSolded) values (8, 81, 8, 1);
insert into Basket (Id, ProductId, ClientId, IsSolded) values (9, 68, 47, 0);
insert into Basket (Id, ProductId, ClientId, IsSolded) values (10, 1, 47, 1);
insert into Basket (Id, ProductId, ClientId, IsSolded) values (11, 21, 46, 0);
insert into Basket (Id, ProductId, ClientId, IsSolded) values (12, 68, 45, 1);
insert into Basket (Id, ProductId, ClientId, IsSolded) values (13, 23, 32, 1);
insert into Basket (Id, ProductId, ClientId, IsSolded) values (14, 44, 47, 0);
insert into Basket (Id, ProductId, ClientId, IsSolded) values (15, 96, 30, 1);
insert into Basket (Id, ProductId, ClientId, IsSolded) values (16, 82, 9, 0);
insert into Basket (Id, ProductId, ClientId, IsSolded) values (17, 10, 33, 1);
insert into Basket (Id, ProductId, ClientId, IsSolded) values (18, 91, 20, 1);
insert into Basket (Id, ProductId, ClientId, IsSolded) values (19, 56, 50, 1);
insert into Basket (Id, ProductId, ClientId, IsSolded) values (20, 5, 49, 1);
insert into Basket (Id, ProductId, ClientId, IsSolded) values (21, 38, 4, 0);
insert into Basket (Id, ProductId, ClientId, IsSolded) values (22, 12, 10, 0);
insert into Basket (Id, ProductId, ClientId, IsSolded) values (23, 18, 34, 1);
insert into Basket (Id, ProductId, ClientId, IsSolded) values (24, 27, 21, 0);
insert into Basket (Id, ProductId, ClientId, IsSolded) values (25, 44, 14, 0);
insert into Basket (Id, ProductId, ClientId, IsSolded) values (26, 32, 30, 0);
insert into Basket (Id, ProductId, ClientId, IsSolded) values (27, 77, 32, 0);
insert into Basket (Id, ProductId, ClientId, IsSolded) values (28, 43, 48, 0);
insert into Basket (Id, ProductId, ClientId, IsSolded) values (29, 46, 30, 0);
insert into Basket (Id, ProductId, ClientId, IsSolded) values (30, 20, 37, 1);
insert into Basket (Id, ProductId, ClientId, IsSolded) values (31, 54, 9, 1);
insert into Basket (Id, ProductId, ClientId, IsSolded) values (32, 45, 37, 0);
insert into Basket (Id, ProductId, ClientId, IsSolded) values (33, 63, 39, 0);
insert into Basket (Id, ProductId, ClientId, IsSolded) values (34, 95, 22, 0);
insert into Basket (Id, ProductId, ClientId, IsSolded) values (35, 85, 23, 0);
insert into Basket (Id, ProductId, ClientId, IsSolded) values (36, 73, 8, 0);
insert into Basket (Id, ProductId, ClientId, IsSolded) values (37, 90, 34, 1);
insert into Basket (Id, ProductId, ClientId, IsSolded) values (38, 34, 34, 1);
insert into Basket (Id, ProductId, ClientId, IsSolded) values (39, 67, 25, 1);
insert into Basket (Id, ProductId, ClientId, IsSolded) values (40, 23, 9, 1);
insert into Basket (Id, ProductId, ClientId, IsSolded) values (41, 96, 12, 0);
insert into Basket (Id, ProductId, ClientId, IsSolded) values (42, 24, 38, 0);
insert into Basket (Id, ProductId, ClientId, IsSolded) values (43, 44, 41, 0);
insert into Basket (Id, ProductId, ClientId, IsSolded) values (44, 57, 26, 0);
insert into Basket (Id, ProductId, ClientId, IsSolded) values (45, 78, 42, 0);
insert into Basket (Id, ProductId, ClientId, IsSolded) values (46, 12, 48, 1);
insert into Basket (Id, ProductId, ClientId, IsSolded) values (47, 86, 1, 1);
insert into Basket (Id, ProductId, ClientId, IsSolded) values (48, 84, 6, 0);
insert into Basket (Id, ProductId, ClientId, IsSolded) values (49, 10, 36, 1);
insert into Basket (Id, ProductId, ClientId, IsSolded) values (50, 94, 35, 0);
insert into Basket (Id, ProductId, ClientId, IsSolded) values (51, 28, 30, 1);
insert into Basket (Id, ProductId, ClientId, IsSolded) values (52, 15, 10, 1);
insert into Basket (Id, ProductId, ClientId, IsSolded) values (53, 23, 8, 0);
insert into Basket (Id, ProductId, ClientId, IsSolded) values (54, 60, 28, 0);
insert into Basket (Id, ProductId, ClientId, IsSolded) values (55, 45, 24, 1);
insert into Basket (Id, ProductId, ClientId, IsSolded) values (56, 38, 17, 0);
insert into Basket (Id, ProductId, ClientId, IsSolded) values (57, 77, 1, 1);
insert into Basket (Id, ProductId, ClientId, IsSolded) values (58, 91, 30, 1);
insert into Basket (Id, ProductId, ClientId, IsSolded) values (59, 28, 29, 1);
insert into Basket (Id, ProductId, ClientId, IsSolded) values (60, 80, 44, 0);
insert into Basket (Id, ProductId, ClientId, IsSolded) values (61, 8, 42, 0);
insert into Basket (Id, ProductId, ClientId, IsSolded) values (62, 36, 30, 0);
insert into Basket (Id, ProductId, ClientId, IsSolded) values (63, 89, 13, 0);
insert into Basket (Id, ProductId, ClientId, IsSolded) values (64, 26, 6, 0);
insert into Basket (Id, ProductId, ClientId, IsSolded) values (65, 48, 14, 0);
insert into Basket (Id, ProductId, ClientId, IsSolded) values (66, 76, 13, 1);
insert into Basket (Id, ProductId, ClientId, IsSolded) values (67, 63, 40, 1);
insert into Basket (Id, ProductId, ClientId, IsSolded) values (68, 52, 7, 1);
insert into Basket (Id, ProductId, ClientId, IsSolded) values (69, 47, 3, 1);
insert into Basket (Id, ProductId, ClientId, IsSolded) values (70, 80, 4, 0);
insert into Basket (Id, ProductId, ClientId, IsSolded) values (71, 30, 40, 1);
insert into Basket (Id, ProductId, ClientId, IsSolded) values (72, 96, 21, 1);
insert into Basket (Id, ProductId, ClientId, IsSolded) values (73, 18, 39, 1);
insert into Basket (Id, ProductId, ClientId, IsSolded) values (74, 73, 23, 1);
insert into Basket (Id, ProductId, ClientId, IsSolded) values (75, 19, 28, 1);
insert into Basket (Id, ProductId, ClientId, IsSolded) values (76, 2, 28, 0);
insert into Basket (Id, ProductId, ClientId, IsSolded) values (77, 77, 24, 1);
insert into Basket (Id, ProductId, ClientId, IsSolded) values (78, 31, 17, 0);
insert into Basket (Id, ProductId, ClientId, IsSolded) values (79, 39, 31, 0);
insert into Basket (Id, ProductId, ClientId, IsSolded) values (80, 79, 19, 0);
insert into Basket (Id, ProductId, ClientId, IsSolded) values (81, 82, 3, 0);
insert into Basket (Id, ProductId, ClientId, IsSolded) values (82, 6, 26, 0);
insert into Basket (Id, ProductId, ClientId, IsSolded) values (83, 36, 49, 1);
insert into Basket (Id, ProductId, ClientId, IsSolded) values (84, 80, 31, 0);
insert into Basket (Id, ProductId, ClientId, IsSolded) values (85, 98, 38, 0);
insert into Basket (Id, ProductId, ClientId, IsSolded) values (86, 28, 46, 0);
insert into Basket (Id, ProductId, ClientId, IsSolded) values (87, 80, 47, 1);
insert into Basket (Id, ProductId, ClientId, IsSolded) values (88, 8, 17, 0);
insert into Basket (Id, ProductId, ClientId, IsSolded) values (89, 48, 21, 1);
insert into Basket (Id, ProductId, ClientId, IsSolded) values (90, 70, 29, 1);
insert into Basket (Id, ProductId, ClientId, IsSolded) values (91, 5, 25, 0);
insert into Basket (Id, ProductId, ClientId, IsSolded) values (92, 57, 9, 1);
insert into Basket (Id, ProductId, ClientId, IsSolded) values (93, 87, 30, 1);
insert into Basket (Id, ProductId, ClientId, IsSolded) values (94, 57, 2, 0);
insert into Basket (Id, ProductId, ClientId, IsSolded) values (95, 6, 1, 1);
insert into Basket (Id, ProductId, ClientId, IsSolded) values (96, 60, 46, 1);
insert into Basket (Id, ProductId, ClientId, IsSolded) values (97, 36, 36, 1);
insert into Basket (Id, ProductId, ClientId, IsSolded) values (98, 59, 8, 0);
insert into Basket (Id, ProductId, ClientId, IsSolded) values (99, 12, 25, 1);
insert into Basket (Id, ProductId, ClientId, IsSolded) values (100, 96, 7, 1);
insert into Basket (Id, ProductId, ClientId, IsSolded) values (101, 71, 44, 1);
insert into Basket (Id, ProductId, ClientId, IsSolded) values (102, 42, 29, 1);
insert into Basket (Id, ProductId, ClientId, IsSolded) values (103, 16, 5, 1);
insert into Basket (Id, ProductId, ClientId, IsSolded) values (104, 21, 45, 0);
insert into Basket (Id, ProductId, ClientId, IsSolded) values (105, 37, 49, 0);
insert into Basket (Id, ProductId, ClientId, IsSolded) values (106, 74, 36, 1);
insert into Basket (Id, ProductId, ClientId, IsSolded) values (107, 25, 18, 1);
insert into Basket (Id, ProductId, ClientId, IsSolded) values (108, 26, 25, 0);
insert into Basket (Id, ProductId, ClientId, IsSolded) values (109, 88, 16, 1);
insert into Basket (Id, ProductId, ClientId, IsSolded) values (110, 37, 45, 0);
insert into Basket (Id, ProductId, ClientId, IsSolded) values (111, 13, 38, 0);
insert into Basket (Id, ProductId, ClientId, IsSolded) values (112, 74, 8, 1);
insert into Basket (Id, ProductId, ClientId, IsSolded) values (113, 64, 23, 0);
insert into Basket (Id, ProductId, ClientId, IsSolded) values (114, 42, 45, 0);
insert into Basket (Id, ProductId, ClientId, IsSolded) values (115, 73, 9, 0);
insert into Basket (Id, ProductId, ClientId, IsSolded) values (116, 8, 39, 0);
insert into Basket (Id, ProductId, ClientId, IsSolded) values (117, 96, 36, 1);
insert into Basket (Id, ProductId, ClientId, IsSolded) values (118, 50, 28, 0);
insert into Basket (Id, ProductId, ClientId, IsSolded) values (119, 65, 8, 0);
insert into Basket (Id, ProductId, ClientId, IsSolded) values (120, 12, 3, 0);
insert into Basket (Id, ProductId, ClientId, IsSolded) values (121, 20, 12, 0);
insert into Basket (Id, ProductId, ClientId, IsSolded) values (122, 9, 13, 1);
insert into Basket (Id, ProductId, ClientId, IsSolded) values (123, 20, 21, 0);
insert into Basket (Id, ProductId, ClientId, IsSolded) values (124, 28, 14, 1);
insert into Basket (Id, ProductId, ClientId, IsSolded) values (125, 28, 19, 0);
insert into Basket (Id, ProductId, ClientId, IsSolded) values (126, 22, 31, 1);
insert into Basket (Id, ProductId, ClientId, IsSolded) values (127, 12, 32, 0);
insert into Basket (Id, ProductId, ClientId, IsSolded) values (128, 63, 9, 0);
insert into Basket (Id, ProductId, ClientId, IsSolded) values (129, 76, 5, 1);
insert into Basket (Id, ProductId, ClientId, IsSolded) values (130, 56, 33, 0);
insert into Basket (Id, ProductId, ClientId, IsSolded) values (131, 81, 17, 1);
insert into Basket (Id, ProductId, ClientId, IsSolded) values (132, 52, 46, 0);
insert into Basket (Id, ProductId, ClientId, IsSolded) values (133, 12, 25, 0);
insert into Basket (Id, ProductId, ClientId, IsSolded) values (134, 28, 49, 0);
insert into Basket (Id, ProductId, ClientId, IsSolded) values (135, 14, 10, 0);
insert into Basket (Id, ProductId, ClientId, IsSolded) values (136, 75, 24, 0);
insert into Basket (Id, ProductId, ClientId, IsSolded) values (137, 7, 35, 1);
insert into Basket (Id, ProductId, ClientId, IsSolded) values (138, 67, 3, 1);
insert into Basket (Id, ProductId, ClientId, IsSolded) values (139, 95, 17, 0);
insert into Basket (Id, ProductId, ClientId, IsSolded) values (140, 15, 17, 0);
insert into Basket (Id, ProductId, ClientId, IsSolded) values (141, 46, 12, 0);
insert into Basket (Id, ProductId, ClientId, IsSolded) values (142, 92, 10, 0);
insert into Basket (Id, ProductId, ClientId, IsSolded) values (143, 55, 23, 0);
insert into Basket (Id, ProductId, ClientId, IsSolded) values (144, 7, 46, 0);
insert into Basket (Id, ProductId, ClientId, IsSolded) values (145, 70, 31, 0);
insert into Basket (Id, ProductId, ClientId, IsSolded) values (146, 53, 13, 0);
insert into Basket (Id, ProductId, ClientId, IsSolded) values (147, 43, 13, 1);
insert into Basket (Id, ProductId, ClientId, IsSolded) values (148, 17, 17, 0);
insert into Basket (Id, ProductId, ClientId, IsSolded) values (149, 40, 2, 1);
insert into Basket (Id, ProductId, ClientId, IsSolded) values (150, 42, 35, 0);
insert into Basket (Id, ProductId, ClientId, IsSolded) values (151, 85, 7, 0);
insert into Basket (Id, ProductId, ClientId, IsSolded) values (152, 90, 49, 1);
insert into Basket (Id, ProductId, ClientId, IsSolded) values (153, 18, 19, 1);
insert into Basket (Id, ProductId, ClientId, IsSolded) values (154, 46, 16, 0);
insert into Basket (Id, ProductId, ClientId, IsSolded) values (155, 48, 5, 0);
insert into Basket (Id, ProductId, ClientId, IsSolded) values (156, 28, 32, 1);
insert into Basket (Id, ProductId, ClientId, IsSolded) values (157, 18, 30, 0);
insert into Basket (Id, ProductId, ClientId, IsSolded) values (158, 71, 33, 0);
insert into Basket (Id, ProductId, ClientId, IsSolded) values (159, 91, 23, 1);
insert into Basket (Id, ProductId, ClientId, IsSolded) values (160, 72, 5, 0);
insert into Basket (Id, ProductId, ClientId, IsSolded) values (161, 17, 25, 0);
insert into Basket (Id, ProductId, ClientId, IsSolded) values (162, 50, 47, 0);
insert into Basket (Id, ProductId, ClientId, IsSolded) values (163, 23, 49, 0);
insert into Basket (Id, ProductId, ClientId, IsSolded) values (164, 83, 14, 0);
insert into Basket (Id, ProductId, ClientId, IsSolded) values (165, 11, 7, 1);
insert into Basket (Id, ProductId, ClientId, IsSolded) values (166, 12, 47, 0);
insert into Basket (Id, ProductId, ClientId, IsSolded) values (167, 95, 21, 1);
insert into Basket (Id, ProductId, ClientId, IsSolded) values (168, 1, 39, 1);
insert into Basket (Id, ProductId, ClientId, IsSolded) values (169, 18, 47, 0);
insert into Basket (Id, ProductId, ClientId, IsSolded) values (170, 6, 20, 1);
insert into Basket (Id, ProductId, ClientId, IsSolded) values (171, 6, 29, 0);
insert into Basket (Id, ProductId, ClientId, IsSolded) values (172, 20, 20, 0);
insert into Basket (Id, ProductId, ClientId, IsSolded) values (173, 43, 40, 1);
insert into Basket (Id, ProductId, ClientId, IsSolded) values (174, 94, 41, 0);
insert into Basket (Id, ProductId, ClientId, IsSolded) values (175, 13, 21, 1);
insert into Basket (Id, ProductId, ClientId, IsSolded) values (176, 19, 13, 1);
insert into Basket (Id, ProductId, ClientId, IsSolded) values (177, 5, 9, 1);
insert into Basket (Id, ProductId, ClientId, IsSolded) values (178, 100, 26, 0);
insert into Basket (Id, ProductId, ClientId, IsSolded) values (179, 6, 36, 0);
insert into Basket (Id, ProductId, ClientId, IsSolded) values (180, 88, 7, 1);
insert into Basket (Id, ProductId, ClientId, IsSolded) values (181, 93, 13, 1);
insert into Basket (Id, ProductId, ClientId, IsSolded) values (182, 13, 7, 1);
insert into Basket (Id, ProductId, ClientId, IsSolded) values (183, 85, 30, 0);
insert into Basket (Id, ProductId, ClientId, IsSolded) values (184, 26, 10, 0);
insert into Basket (Id, ProductId, ClientId, IsSolded) values (185, 74, 46, 1);
insert into Basket (Id, ProductId, ClientId, IsSolded) values (186, 12, 36, 0);
insert into Basket (Id, ProductId, ClientId, IsSolded) values (187, 77, 8, 0);
insert into Basket (Id, ProductId, ClientId, IsSolded) values (188, 67, 43, 0);
insert into Basket (Id, ProductId, ClientId, IsSolded) values (189, 96, 30, 0);
insert into Basket (Id, ProductId, ClientId, IsSolded) values (190, 98, 47, 1);
insert into Basket (Id, ProductId, ClientId, IsSolded) values (191, 11, 49, 0);
insert into Basket (Id, ProductId, ClientId, IsSolded) values (192, 98, 23, 1);
insert into Basket (Id, ProductId, ClientId, IsSolded) values (193, 3, 28, 0);
insert into Basket (Id, ProductId, ClientId, IsSolded) values (194, 59, 41, 1);
insert into Basket (Id, ProductId, ClientId, IsSolded) values (195, 39, 44, 1);
insert into Basket (Id, ProductId, ClientId, IsSolded) values (196, 7, 28, 0);
insert into Basket (Id, ProductId, ClientId, IsSolded) values (197, 77, 24, 0);
insert into Basket (Id, ProductId, ClientId, IsSolded) values (198, 25, 38, 0);
insert into Basket (Id, ProductId, ClientId, IsSolded) values (199, 90, 5, 0);
insert into Basket (Id, ProductId, ClientId, IsSolded) values (200, 11, 39, 0);
insert into Basket (Id, ProductId, ClientId, IsSolded) values (201, 46, 29, 0);
insert into Basket (Id, ProductId, ClientId, IsSolded) values (202, 71, 15, 0);
insert into Basket (Id, ProductId, ClientId, IsSolded) values (203, 81, 36, 0);
insert into Basket (Id, ProductId, ClientId, IsSolded) values (204, 6, 47, 1);
insert into Basket (Id, ProductId, ClientId, IsSolded) values (205, 18, 45, 0);
insert into Basket (Id, ProductId, ClientId, IsSolded) values (206, 89, 36, 0);
insert into Basket (Id, ProductId, ClientId, IsSolded) values (207, 34, 43, 0);
insert into Basket (Id, ProductId, ClientId, IsSolded) values (208, 28, 25, 0);
insert into Basket (Id, ProductId, ClientId, IsSolded) values (209, 27, 47, 1);
insert into Basket (Id, ProductId, ClientId, IsSolded) values (210, 22, 22, 1);
insert into Basket (Id, ProductId, ClientId, IsSolded) values (211, 61, 31, 1);
insert into Basket (Id, ProductId, ClientId, IsSolded) values (212, 3, 1, 1);
insert into Basket (Id, ProductId, ClientId, IsSolded) values (213, 29, 22, 1);
insert into Basket (Id, ProductId, ClientId, IsSolded) values (214, 43, 6, 1);
insert into Basket (Id, ProductId, ClientId, IsSolded) values (215, 39, 24, 1);
insert into Basket (Id, ProductId, ClientId, IsSolded) values (216, 100, 39, 0);
insert into Basket (Id, ProductId, ClientId, IsSolded) values (217, 45, 25, 0);
insert into Basket (Id, ProductId, ClientId, IsSolded) values (218, 42, 31, 0);
insert into Basket (Id, ProductId, ClientId, IsSolded) values (219, 38, 13, 1);
insert into Basket (Id, ProductId, ClientId, IsSolded) values (220, 39, 5, 0);
insert into Basket (Id, ProductId, ClientId, IsSolded) values (221, 72, 28, 1);
insert into Basket (Id, ProductId, ClientId, IsSolded) values (222, 81, 20, 0);
insert into Basket (Id, ProductId, ClientId, IsSolded) values (223, 29, 40, 1);
insert into Basket (Id, ProductId, ClientId, IsSolded) values (224, 69, 36, 1);
insert into Basket (Id, ProductId, ClientId, IsSolded) values (225, 56, 41, 0);
insert into Basket (Id, ProductId, ClientId, IsSolded) values (226, 99, 46, 0);
insert into Basket (Id, ProductId, ClientId, IsSolded) values (227, 88, 50, 0);
insert into Basket (Id, ProductId, ClientId, IsSolded) values (228, 55, 16, 1);
insert into Basket (Id, ProductId, ClientId, IsSolded) values (229, 40, 6, 1);
insert into Basket (Id, ProductId, ClientId, IsSolded) values (230, 29, 1, 1);
insert into Basket (Id, ProductId, ClientId, IsSolded) values (231, 92, 37, 0);
insert into Basket (Id, ProductId, ClientId, IsSolded) values (232, 91, 42, 0);
insert into Basket (Id, ProductId, ClientId, IsSolded) values (233, 47, 41, 0);
insert into Basket (Id, ProductId, ClientId, IsSolded) values (234, 92, 19, 0);
insert into Basket (Id, ProductId, ClientId, IsSolded) values (235, 77, 19, 1);
insert into Basket (Id, ProductId, ClientId, IsSolded) values (236, 7, 42, 1);
insert into Basket (Id, ProductId, ClientId, IsSolded) values (237, 51, 2, 1);
insert into Basket (Id, ProductId, ClientId, IsSolded) values (238, 99, 44, 0);
insert into Basket (Id, ProductId, ClientId, IsSolded) values (239, 66, 11, 1);
insert into Basket (Id, ProductId, ClientId, IsSolded) values (240, 83, 3, 0);
insert into Basket (Id, ProductId, ClientId, IsSolded) values (241, 20, 4, 1);
insert into Basket (Id, ProductId, ClientId, IsSolded) values (242, 83, 15, 1);
insert into Basket (Id, ProductId, ClientId, IsSolded) values (243, 71, 49, 0);
insert into Basket (Id, ProductId, ClientId, IsSolded) values (244, 44, 4, 0);
insert into Basket (Id, ProductId, ClientId, IsSolded) values (245, 18, 19, 1);
insert into Basket (Id, ProductId, ClientId, IsSolded) values (246, 64, 21, 0);
insert into Basket (Id, ProductId, ClientId, IsSolded) values (247, 44, 46, 0);
insert into Basket (Id, ProductId, ClientId, IsSolded) values (248, 56, 27, 0);
insert into Basket (Id, ProductId, ClientId, IsSolded) values (249, 4, 1, 0);
insert into Basket (Id, ProductId, ClientId, IsSolded) values (250, 10, 10, 1);
SET IDENTITY_INSERT Basket OFF

SET IDENTITY_INSERT Comments ON
insert into Comments (Id, [Text], ProductId, ClientId) values (1, 'Aenean lectus. Pellentesque eget nunc.', 47, 13);
insert into Comments (Id, [Text], ProductId, ClientId) values (2, 'Quisque ut erat. Curabitur gravida nisi at nibh.', 22, 39);
insert into Comments (Id, [Text], ProductId, ClientId) values (3, 'Vestibulum ante ipsum primis in faucibus orci luctus et ultrices posuere cubilia Curae; Mauris viverra diam vitae quam. Suspendisse potenti.', 78, 39);
insert into Comments (Id, [Text], ProductId, ClientId) values (4, 'Vestibulum quam sapien, varius ut, blandit non, interdum in, ante. Vestibulum ante ipsum primis in faucibus orci luctus et ultrices posuere cubilia Curae; Duis faucibus accumsan odio.', 91, 45);
insert into Comments (Id, [Text], ProductId, ClientId) values (5, 'Fusce congue, diam id ornare imperdiet, sapien urna pretium nisl, ut volutpat sapien arcu sed augue. Aliquam erat volutpat. In congue.', 40, 5);
insert into Comments (Id, [Text], ProductId, ClientId) values (6, 'Integer non velit. Donec diam neque, vestibulum eget, vulputate ut, ultrices vel, augue.', 82, 33);
insert into Comments (Id, [Text], ProductId, ClientId) values (7, 'Duis bibendum. Morbi non quam nec dui luctus rutrum.', 60, 14);
insert into Comments (Id, [Text], ProductId, ClientId) values (8, 'Curabitur in libero ut massa volutpat convallis. Morbi odio odio, elementum eu, interdum eu, tincidunt in, leo. Maecenas pulvinar lobortis est.', 77, 40);
insert into Comments (Id, [Text], ProductId, ClientId) values (9, 'Nam congue, risus semper porta volutpat, quam pede lobortis ligula, sit amet eleifend pede libero quis orci. Nullam molestie nibh in lectus. Pellentesque at nulla.', 31, 35);
insert into Comments (Id, [Text], ProductId, ClientId) values (10, 'In congue. Etiam justo. Etiam pretium iaculis justo.', 58, 15);
insert into Comments (Id, [Text], ProductId, ClientId) values (11, 'Vivamus vel nulla eget eros elementum pellentesque. Quisque porta volutpat erat. Quisque erat eros, viverra eget, congue eget, semper rutrum, nulla.', 75, 1);
insert into Comments (Id, [Text], ProductId, ClientId) values (12, 'Nullam porttitor lacus at turpis.', 22, 41);
insert into Comments (Id, [Text], ProductId, ClientId) values (13, 'Integer ac neque. Duis bibendum. Morbi non quam nec dui luctus rutrum.', 60, 44);
insert into Comments (Id, [Text], ProductId, ClientId) values (14, 'In hac habitasse platea dictumst. Maecenas ut massa quis augue luctus tincidunt.', 83, 8);
insert into Comments (Id, [Text], ProductId, ClientId) values (15, 'Nulla mollis molestie lorem. Quisque ut erat. Curabitur gravida nisi at nibh.', 10, 12);
insert into Comments (Id, [Text], ProductId, ClientId) values (16, 'Praesent id massa id nisl venenatis lacinia. Aenean sit amet justo. Morbi ut odio.', 23, 11);
insert into Comments (Id, [Text], ProductId, ClientId) values (17, 'In eleifend quam a odio. In hac habitasse platea dictumst. Maecenas ut massa quis augue luctus tincidunt.', 83, 30);
insert into Comments (Id, [Text], ProductId, ClientId) values (18, 'Nullam varius. Nulla facilisi.', 88, 13);
insert into Comments (Id, [Text], ProductId, ClientId) values (19, 'Aenean sit amet justo. Morbi ut odio. Cras mi pede, malesuada in, imperdiet et, commodo vulputate, justo.', 40, 8);
insert into Comments (Id, [Text], ProductId, ClientId) values (20, 'Maecenas tincidunt lacus at velit. Vivamus vel nulla eget eros elementum pellentesque.', 23, 4);
insert into Comments (Id, [Text], ProductId, ClientId) values (21, 'Vivamus in felis eu sapien cursus vestibulum.', 10, 48);
insert into Comments (Id, [Text], ProductId, ClientId) values (22, 'Maecenas rhoncus aliquam lacus.', 54, 19);
insert into Comments (Id, [Text], ProductId, ClientId) values (23, 'Donec semper sapien a libero. Nam dui. Proin leo odio, porttitor id, consequat in, consequat ut, nulla.', 55, 1);
insert into Comments (Id, [Text], ProductId, ClientId) values (24, 'Duis aliquam convallis nunc.', 9, 48);
insert into Comments (Id, [Text], ProductId, ClientId) values (25, 'In eleifend quam a odio. In hac habitasse platea dictumst.', 2, 32);
insert into Comments (Id, [Text], ProductId, ClientId) values (26, 'Fusce consequat.', 64, 49);
insert into Comments (Id, [Text], ProductId, ClientId) values (27, 'In congue. Etiam justo. Etiam pretium iaculis justo.', 3, 16);
insert into Comments (Id, [Text], ProductId, ClientId) values (28, 'Maecenas pulvinar lobortis est. Phasellus sit amet erat.', 53, 17);
insert into Comments (Id, [Text], ProductId, ClientId) values (29, 'Curabitur gravida nisi at nibh. In hac habitasse platea dictumst. Aliquam augue quam, sollicitudin vitae, consectetuer eget, rutrum at, lorem.', 96, 47);
insert into Comments (Id, [Text], ProductId, ClientId) values (30, 'Cras non velit nec nisi vulputate nonummy. Maecenas tincidunt lacus at velit. Vivamus vel nulla eget eros elementum pellentesque.', 42, 14);
insert into Comments (Id, [Text], ProductId, ClientId) values (31, 'Integer non velit. Donec diam neque, vestibulum eget, vulputate ut, ultrices vel, augue.', 23, 25);
insert into Comments (Id, [Text], ProductId, ClientId) values (32, 'Mauris lacinia sapien quis libero. Nullam sit amet turpis elementum ligula vehicula consequat.', 91, 21);
insert into Comments (Id, [Text], ProductId, ClientId) values (33, 'Proin leo odio, porttitor id, consequat in, consequat ut, nulla.', 47, 50);
insert into Comments (Id, [Text], ProductId, ClientId) values (34, 'Etiam faucibus cursus urna. Ut tellus. Nulla ut erat id mauris vulputate elementum.', 88, 47);
insert into Comments (Id, [Text], ProductId, ClientId) values (35, 'Nulla facilisi. Cras non velit nec nisi vulputate nonummy. Maecenas tincidunt lacus at velit.', 28, 40);
insert into Comments (Id, [Text], ProductId, ClientId) values (36, 'Donec odio justo, sollicitudin ut, suscipit a, feugiat et, eros.', 58, 11);
insert into Comments (Id, [Text], ProductId, ClientId) values (37, 'Nullam orci pede, venenatis non, sodales sed, tincidunt eu, felis. Fusce posuere felis sed lacus.', 44, 33);
insert into Comments (Id, [Text], ProductId, ClientId) values (38, 'Curabitur at ipsum ac tellus semper interdum. Mauris ullamcorper purus sit amet nulla. Quisque arcu libero, rutrum ac, lobortis vel, dapibus at, diam.', 12, 38);
insert into Comments (Id, [Text], ProductId, ClientId) values (39, 'Nam ultrices, libero non mattis pulvinar, nulla pede ullamcorper augue, a suscipit nulla elit ac nulla. Sed vel enim sit amet nunc viverra dapibus.', 20, 23);
insert into Comments (Id, [Text], ProductId, ClientId) values (40, 'Morbi vel lectus in quam fringilla rhoncus. Mauris enim leo, rhoncus sed, vestibulum sit amet, cursus id, turpis. Integer aliquet, massa id lobortis convallis, tortor risus dapibus augue, vel accumsan tellus nisi eu orci.', 25, 41);
insert into Comments (Id, [Text], ProductId, ClientId) values (41, 'Vestibulum ante ipsum primis in faucibus orci luctus et ultrices posuere cubilia Curae; Mauris viverra diam vitae quam. Suspendisse potenti.', 52, 16);
insert into Comments (Id, [Text], ProductId, ClientId) values (42, 'Integer non velit. Donec diam neque, vestibulum eget, vulputate ut, ultrices vel, augue.', 36, 16);
insert into Comments (Id, [Text], ProductId, ClientId) values (43, 'Vivamus vestibulum sagittis sapien.', 64, 23);
insert into Comments (Id, [Text], ProductId, ClientId) values (44, 'Praesent lectus.', 68, 24);
insert into Comments (Id, [Text], ProductId, ClientId) values (45, 'Quisque erat eros, viverra eget, congue eget, semper rutrum, nulla.', 71, 3);
insert into Comments (Id, [Text], ProductId, ClientId) values (46, 'Maecenas pulvinar lobortis est.', 72, 46);
insert into Comments (Id, [Text], ProductId, ClientId) values (47, 'In eleifend quam a odio. In hac habitasse platea dictumst.', 10, 16);
insert into Comments (Id, [Text], ProductId, ClientId) values (48, 'Aliquam quis turpis eget elit sodales scelerisque.', 47, 25);
insert into Comments (Id, [Text], ProductId, ClientId) values (49, 'Vivamus tortor.', 5, 47);
insert into Comments (Id, [Text], ProductId, ClientId) values (50, 'Morbi porttitor lorem id ligula.', 18, 45);
insert into Comments (Id, [Text], ProductId, ClientId) values (51, 'Vestibulum ante ipsum primis in faucibus orci luctus et ultrices posuere cubilia Curae; Duis faucibus accumsan odio. Curabitur convallis.', 42, 17);
insert into Comments (Id, [Text], ProductId, ClientId) values (52, 'Cras non velit nec nisi vulputate nonummy. Maecenas tincidunt lacus at velit.', 47, 11);
insert into Comments (Id, [Text], ProductId, ClientId) values (53, 'Praesent lectus. Vestibulum quam sapien, varius ut, blandit non, interdum in, ante. Vestibulum ante ipsum primis in faucibus orci luctus et ultrices posuere cubilia Curae; Duis faucibus accumsan odio.', 25, 8);
insert into Comments (Id, [Text], ProductId, ClientId) values (54, 'Suspendisse potenti. In eleifend quam a odio. In hac habitasse platea dictumst.', 67, 23);
insert into Comments (Id, [Text], ProductId, ClientId) values (55, 'Praesent blandit. Nam nulla.', 26, 5);
insert into Comments (Id, [Text], ProductId, ClientId) values (56, 'Aenean auctor gravida sem. Praesent id massa id nisl venenatis lacinia. Aenean sit amet justo.', 60, 17);
insert into Comments (Id, [Text], ProductId, ClientId) values (57, 'Sed accumsan felis. Ut at dolor quis odio consequat varius.', 87, 38);
insert into Comments (Id, [Text], ProductId, ClientId) values (58, 'Suspendisse potenti. Nullam porttitor lacus at turpis. Donec posuere metus vitae ipsum.', 58, 25);
insert into Comments (Id, [Text], ProductId, ClientId) values (59, 'Nulla tempus. Vivamus in felis eu sapien cursus vestibulum. Proin eu mi.', 6, 21);
insert into Comments (Id, [Text], ProductId, ClientId) values (60, 'Nulla tempus.', 76, 49);
insert into Comments (Id, [Text], ProductId, ClientId) values (61, 'Ut at dolor quis odio consequat varius.', 3, 26);
insert into Comments (Id, [Text], ProductId, ClientId) values (62, 'Vestibulum ante ipsum primis in faucibus orci luctus et ultrices posuere cubilia Curae; Duis faucibus accumsan odio.', 84, 37);
insert into Comments (Id, [Text], ProductId, ClientId) values (63, 'Pellentesque ultrices mattis odio. Donec vitae nisi.', 10, 17);
insert into Comments (Id, [Text], ProductId, ClientId) values (64, 'Donec posuere metus vitae ipsum. Aliquam non mauris. Morbi non lectus.', 13, 24);
insert into Comments (Id, [Text], ProductId, ClientId) values (65, 'Integer non velit. Donec diam neque, vestibulum eget, vulputate ut, ultrices vel, augue. Vestibulum ante ipsum primis in faucibus orci luctus et ultrices posuere cubilia Curae; Donec pharetra, magna vestibulum aliquet ultrices, erat tortor sollicitudin mi, sit amet lobortis sapien sapien non mi.', 37, 26);
insert into Comments (Id, [Text], ProductId, ClientId) values (66, 'Quisque porta volutpat erat.', 44, 20);
insert into Comments (Id, [Text], ProductId, ClientId) values (67, 'Lorem ipsum dolor sit amet, consectetuer adipiscing elit.', 83, 1);
insert into Comments (Id, [Text], ProductId, ClientId) values (68, 'Cras pellentesque volutpat dui.', 76, 21);
insert into Comments (Id, [Text], ProductId, ClientId) values (69, 'Praesent blandit lacinia erat. Vestibulum sed magna at nunc commodo placerat. Praesent blandit.', 92, 12);
insert into Comments (Id, [Text], ProductId, ClientId) values (70, 'Vivamus vel nulla eget eros elementum pellentesque. Quisque porta volutpat erat. Quisque erat eros, viverra eget, congue eget, semper rutrum, nulla.', 19, 28);
insert into Comments (Id, [Text], ProductId, ClientId) values (71, 'Nunc purus.', 79, 13);
insert into Comments (Id, [Text], ProductId, ClientId) values (72, 'Donec diam neque, vestibulum eget, vulputate ut, ultrices vel, augue. Vestibulum ante ipsum primis in faucibus orci luctus et ultrices posuere cubilia Curae; Donec pharetra, magna vestibulum aliquet ultrices, erat tortor sollicitudin mi, sit amet lobortis sapien sapien non mi. Integer ac neque.', 27, 10);
insert into Comments (Id, [Text], ProductId, ClientId) values (73, 'Nulla nisl. Nunc nisl.', 53, 9);
insert into Comments (Id, [Text], ProductId, ClientId) values (74, 'Curabitur convallis. Duis consequat dui nec nisi volutpat eleifend. Donec ut dolor.', 40, 48);
insert into Comments (Id, [Text], ProductId, ClientId) values (75, 'Donec diam neque, vestibulum eget, vulputate ut, ultrices vel, augue. Vestibulum ante ipsum primis in faucibus orci luctus et ultrices posuere cubilia Curae; Donec pharetra, magna vestibulum aliquet ultrices, erat tortor sollicitudin mi, sit amet lobortis sapien sapien non mi.', 79, 50);
insert into Comments (Id, [Text], ProductId, ClientId) values (76, 'Nam dui. Proin leo odio, porttitor id, consequat in, consequat ut, nulla. Sed accumsan felis.', 91, 10);
insert into Comments (Id, [Text], ProductId, ClientId) values (77, 'In quis justo. Maecenas rhoncus aliquam lacus. Morbi quis tortor id nulla ultrices aliquet.', 65, 26);
insert into Comments (Id, [Text], ProductId, ClientId) values (78, 'In hac habitasse platea dictumst.', 3, 32);
insert into Comments (Id, [Text], ProductId, ClientId) values (79, 'Vestibulum ante ipsum primis in faucibus orci luctus et ultrices posuere cubilia Curae; Duis faucibus accumsan odio. Curabitur convallis.', 36, 25);
insert into Comments (Id, [Text], ProductId, ClientId) values (80, 'Nullam orci pede, venenatis non, sodales sed, tincidunt eu, felis. Fusce posuere felis sed lacus. Morbi sem mauris, laoreet ut, rhoncus aliquet, pulvinar sed, nisl.', 75, 4);
insert into Comments (Id, [Text], ProductId, ClientId) values (81, 'Maecenas tristique, est et tempus semper, est quam pharetra magna, ac consequat metus sapien ut nunc. Vestibulum ante ipsum primis in faucibus orci luctus et ultrices posuere cubilia Curae; Mauris viverra diam vitae quam. Suspendisse potenti.', 77, 44);
insert into Comments (Id, [Text], ProductId, ClientId) values (82, 'Cras in purus eu magna vulputate luctus.', 85, 41);
insert into Comments (Id, [Text], ProductId, ClientId) values (83, 'Donec semper sapien a libero. Nam dui. Proin leo odio, porttitor id, consequat in, consequat ut, nulla.', 4, 43);
insert into Comments (Id, [Text], ProductId, ClientId) values (84, 'Morbi porttitor lorem id ligula. Suspendisse ornare consequat lectus.', 76, 26);
insert into Comments (Id, [Text], ProductId, ClientId) values (85, 'Suspendisse accumsan tortor quis turpis.', 37, 11);
insert into Comments (Id, [Text], ProductId, ClientId) values (86, 'Curabitur at ipsum ac tellus semper interdum. Mauris ullamcorper purus sit amet nulla.', 49, 10);
insert into Comments (Id, [Text], ProductId, ClientId) values (87, 'In hac habitasse platea dictumst. Etiam faucibus cursus urna. Ut tellus.', 71, 27);
insert into Comments (Id, [Text], ProductId, ClientId) values (88, 'Integer non velit.', 57, 14);
insert into Comments (Id, [Text], ProductId, ClientId) values (89, 'Etiam justo. Etiam pretium iaculis justo.', 38, 20);
insert into Comments (Id, [Text], ProductId, ClientId) values (90, 'Aenean lectus.', 28, 24);
insert into Comments (Id, [Text], ProductId, ClientId) values (91, 'Nunc rhoncus dui vel sem. Sed sagittis. Nam congue, risus semper porta volutpat, quam pede lobortis ligula, sit amet eleifend pede libero quis orci.', 39, 12);
insert into Comments (Id, [Text], ProductId, ClientId) values (92, 'Quisque porta volutpat erat. Quisque erat eros, viverra eget, congue eget, semper rutrum, nulla. Nunc purus.', 57, 21);
insert into Comments (Id, [Text], ProductId, ClientId) values (93, 'Donec quis orci eget orci vehicula condimentum. Curabitur in libero ut massa volutpat convallis.', 5, 5);
insert into Comments (Id, [Text], ProductId, ClientId) values (94, 'Suspendisse potenti. In eleifend quam a odio.', 70, 24);
insert into Comments (Id, [Text], ProductId, ClientId) values (95, 'Donec posuere metus vitae ipsum. Aliquam non mauris. Morbi non lectus.', 8, 39);
insert into Comments (Id, [Text], ProductId, ClientId) values (96, 'Etiam pretium iaculis justo. In hac habitasse platea dictumst. Etiam faucibus cursus urna.', 27, 3);
insert into Comments (Id, [Text], ProductId, ClientId) values (97, 'Fusce consequat. Nulla nisl.', 99, 13);
insert into Comments (Id, [Text], ProductId, ClientId) values (98, 'Morbi non quam nec dui luctus rutrum. Nulla tellus.', 28, 49);
insert into Comments (Id, [Text], ProductId, ClientId) values (99, 'Morbi quis tortor id nulla ultrices aliquet.', 38, 35);
insert into Comments (Id, [Text], ProductId, ClientId) values (100, 'Proin interdum mauris non ligula pellentesque ultrices. Phasellus id sapien in sapien iaculis congue.', 91, 29);
insert into Comments (Id, [Text], ProductId, ClientId) values (101, 'In hac habitasse platea dictumst. Etiam faucibus cursus urna.', 64, 22);
insert into Comments (Id, [Text], ProductId, ClientId) values (102, 'Nulla tellus. In sagittis dui vel nisl.', 38, 23);
insert into Comments (Id, [Text], ProductId, ClientId) values (103, 'Fusce consequat. Nulla nisl. Nunc nisl.', 50, 4);
insert into Comments (Id, [Text], ProductId, ClientId) values (104, 'Morbi ut odio. Cras mi pede, malesuada in, imperdiet et, commodo vulputate, justo. In blandit ultrices enim.', 89, 9);
insert into Comments (Id, [Text], ProductId, ClientId) values (105, 'Fusce lacus purus, aliquet at, feugiat non, pretium quis, lectus.', 28, 40);
insert into Comments (Id, [Text], ProductId, ClientId) values (106, 'Proin leo odio, porttitor id, consequat in, consequat ut, nulla.', 21, 7);
insert into Comments (Id, [Text], ProductId, ClientId) values (107, 'Suspendisse potenti. Cras in purus eu magna vulputate luctus. Cum sociis natoque penatibus et magnis dis parturient montes, nascetur ridiculus mus.', 1, 23);
insert into Comments (Id, [Text], ProductId, ClientId) values (108, 'Proin risus. Praesent lectus.', 28, 46);
insert into Comments (Id, [Text], ProductId, ClientId) values (109, 'Proin eu mi. Nulla ac enim. In tempor, turpis nec euismod scelerisque, quam turpis adipiscing lorem, vitae mattis nibh ligula nec sem.', 71, 28);
insert into Comments (Id, [Text], ProductId, ClientId) values (110, 'In est risus, auctor sed, tristique in, tempus sit amet, sem. Fusce consequat. Nulla nisl.', 6, 39);
insert into Comments (Id, [Text], ProductId, ClientId) values (111, 'Nullam sit amet turpis elementum ligula vehicula consequat. Morbi a ipsum. Integer a nibh.', 78, 15);
insert into Comments (Id, [Text], ProductId, ClientId) values (112, 'Vivamus in felis eu sapien cursus vestibulum.', 34, 24);
insert into Comments (Id, [Text], ProductId, ClientId) values (113, 'Duis ac nibh. Fusce lacus purus, aliquet at, feugiat non, pretium quis, lectus. Suspendisse potenti.', 43, 30);
insert into Comments (Id, [Text], ProductId, ClientId) values (114, 'Morbi a ipsum. Integer a nibh.', 88, 7);
insert into Comments (Id, [Text], ProductId, ClientId) values (115, 'Pellentesque at nulla.', 86, 29);
insert into Comments (Id, [Text], ProductId, ClientId) values (116, 'Aliquam quis turpis eget elit sodales scelerisque. Mauris sit amet eros.', 65, 19);
insert into Comments (Id, [Text], ProductId, ClientId) values (117, 'Praesent id massa id nisl venenatis lacinia. Aenean sit amet justo.', 70, 7);
insert into Comments (Id, [Text], ProductId, ClientId) values (118, 'Etiam pretium iaculis justo. In hac habitasse platea dictumst.', 58, 6);
insert into Comments (Id, [Text], ProductId, ClientId) values (119, 'Morbi non quam nec dui luctus rutrum. Nulla tellus.', 9, 2);
insert into Comments (Id, [Text], ProductId, ClientId) values (120, 'Etiam justo.', 12, 48);
insert into Comments (Id, [Text], ProductId, ClientId) values (121, 'Vestibulum sed magna at nunc commodo placerat. Praesent blandit. Nam nulla.', 18, 12);
insert into Comments (Id, [Text], ProductId, ClientId) values (122, 'Mauris ullamcorper purus sit amet nulla. Quisque arcu libero, rutrum ac, lobortis vel, dapibus at, diam. Nam tristique tortor eu pede.', 2, 32);
insert into Comments (Id, [Text], ProductId, ClientId) values (123, 'Pellentesque ultrices mattis odio.', 80, 21);
insert into Comments (Id, [Text], ProductId, ClientId) values (124, 'In blandit ultrices enim.', 17, 36);
insert into Comments (Id, [Text], ProductId, ClientId) values (125, 'Proin risus. Praesent lectus.', 52, 40);
insert into Comments (Id, [Text], ProductId, ClientId) values (126, 'Lorem ipsum dolor sit amet, consectetuer adipiscing elit.', 100, 43);
insert into Comments (Id, [Text], ProductId, ClientId) values (127, 'Morbi sem mauris, laoreet ut, rhoncus aliquet, pulvinar sed, nisl. Nunc rhoncus dui vel sem.', 21, 23);
insert into Comments (Id, [Text], ProductId, ClientId) values (128, 'In congue. Etiam justo.', 51, 36);
insert into Comments (Id, [Text], ProductId, ClientId) values (129, 'Donec ut dolor.', 65, 36);
insert into Comments (Id, [Text], ProductId, ClientId) values (130, 'Aliquam non mauris. Morbi non lectus.', 58, 45);
insert into Comments (Id, [Text], ProductId, ClientId) values (131, 'Duis aliquam convallis nunc.', 25, 16);
insert into Comments (Id, [Text], ProductId, ClientId) values (132, 'Donec odio justo, sollicitudin ut, suscipit a, feugiat et, eros. Vestibulum ac est lacinia nisi venenatis tristique. Fusce congue, diam id ornare imperdiet, sapien urna pretium nisl, ut volutpat sapien arcu sed augue.', 16, 35);
insert into Comments (Id, [Text], ProductId, ClientId) values (133, 'Duis aliquam convallis nunc.', 51, 26);
insert into Comments (Id, [Text], ProductId, ClientId) values (134, 'Cras pellentesque volutpat dui. Maecenas tristique, est et tempus semper, est quam pharetra magna, ac consequat metus sapien ut nunc.', 35, 17);
insert into Comments (Id, [Text], ProductId, ClientId) values (135, 'Morbi a ipsum. Integer a nibh.', 10, 45);
insert into Comments (Id, [Text], ProductId, ClientId) values (136, 'Suspendisse accumsan tortor quis turpis.', 34, 50);
insert into Comments (Id, [Text], ProductId, ClientId) values (137, 'Morbi quis tortor id nulla ultrices aliquet. Maecenas leo odio, condimentum id, luctus nec, molestie sed, justo.', 71, 42);
insert into Comments (Id, [Text], ProductId, ClientId) values (138, 'In est risus, auctor sed, tristique in, tempus sit amet, sem. Fusce consequat.', 36, 41);
insert into Comments (Id, [Text], ProductId, ClientId) values (139, 'Maecenas tristique, est et tempus semper, est quam pharetra magna, ac consequat metus sapien ut nunc. Vestibulum ante ipsum primis in faucibus orci luctus et ultrices posuere cubilia Curae; Mauris viverra diam vitae quam.', 70, 32);
insert into Comments (Id, [Text], ProductId, ClientId) values (140, 'Integer ac neque.', 32, 41);
insert into Comments (Id, [Text], ProductId, ClientId) values (141, 'Proin eu mi. Nulla ac enim. In tempor, turpis nec euismod scelerisque, quam turpis adipiscing lorem, vitae mattis nibh ligula nec sem.', 39, 6);
insert into Comments (Id, [Text], ProductId, ClientId) values (142, 'Morbi porttitor lorem id ligula. Suspendisse ornare consequat lectus. In est risus, auctor sed, tristique in, tempus sit amet, sem.', 19, 20);
insert into Comments (Id, [Text], ProductId, ClientId) values (143, 'Morbi non quam nec dui luctus rutrum.', 80, 35);
insert into Comments (Id, [Text], ProductId, ClientId) values (144, 'Nullam orci pede, venenatis non, sodales sed, tincidunt eu, felis. Fusce posuere felis sed lacus.', 44, 8);
insert into Comments (Id, [Text], ProductId, ClientId) values (145, 'Morbi vel lectus in quam fringilla rhoncus. Mauris enim leo, rhoncus sed, vestibulum sit amet, cursus id, turpis. Integer aliquet, massa id lobortis convallis, tortor risus dapibus augue, vel accumsan tellus nisi eu orci.', 5, 32);
insert into Comments (Id, [Text], ProductId, ClientId) values (146, 'Proin eu mi. Nulla ac enim. In tempor, turpis nec euismod scelerisque, quam turpis adipiscing lorem, vitae mattis nibh ligula nec sem.', 48, 50);
insert into Comments (Id, [Text], ProductId, ClientId) values (147, 'Nam nulla. Integer pede justo, lacinia eget, tincidunt eget, tempus vel, pede.', 93, 24);
insert into Comments (Id, [Text], ProductId, ClientId) values (148, 'Praesent blandit. Nam nulla.', 40, 45);
insert into Comments (Id, [Text], ProductId, ClientId) values (149, 'Maecenas leo odio, condimentum id, luctus nec, molestie sed, justo. Pellentesque viverra pede ac diam. Cras pellentesque volutpat dui.', 74, 27);
insert into Comments (Id, [Text], ProductId, ClientId) values (150, 'Duis ac nibh. Fusce lacus purus, aliquet at, feugiat non, pretium quis, lectus. Suspendisse potenti.', 75, 40);
SET IDENTITY_INSERT Comments OFF